id_estudiante,ruido,luz,ubicacion,conectividad,acelerometro,canal,rating
862759,bajo,bajo,casa,medio,movimiento,correo,5
1166950,medio,bajo,casa,bajo,quieto,web,2
669077,bajo,alto,casa,bajo,movimiento,web,3
970936,medio,bajo,universidad,alto,movimiento,web,3
2162641,bajo,bajo,casa,bajo,movimiento,correo,4
303948,alto,alto,otro,alto,quieto,correo,3
1181550,medio,bajo,casa,alto,quieto,web,3
1683079,bajo,medio,universidad,alto,quieto,web,2
1082752,medio,medio,universidad,alto,movimiento,correo,3
2256054,alto,alto,casa,bajo,quieto,correo,3
174683,alto,alto,universidad,medio,quieto,correo,3
2105661,alto,bajo,casa,medio,quieto,web,2
827322,alto,alto,universidad,medio,quieto,web,2
370346,alto,alto,casa,bajo,quieto,web,1
1572201,medio,medio,casa,medio,quieto,correo,2
156078,bajo,bajo,otro,alto,quieto,web,1
1559022,alto,bajo,universidad,bajo,quieto,web,3
660495,medio,medio,otro,medio,quieto,correo,3
2615605,bajo,bajo,universidad,alto,quieto,correo,2
925448,medio,medio,otro,bajo,quieto,correo,3
1407746,bajo,alto,casa,alto,movimiento,correo,2
727242,medio,bajo,otro,alto,movimiento,web,1
1487081,medio,medio,casa,bajo,movimiento,correo,4
1167572,medio,bajo,otro,bajo,quieto,web,3
1110571,medio,bajo,otro,medio,quieto,web,4
2294328,alto,alto,otro,bajo,quieto,web,3
1562015,alto,medio,universidad,bajo,movimiento,web,3
2558337,medio,medio,casa,bajo,quieto,web,1
87185,bajo,bajo,casa,alto,movimiento,correo,2
923606,medio,alto,casa,medio,movimiento,web,2
1591199,alto,medio,casa,medio,movimiento,correo,3
1811603,bajo,bajo,casa,medio,quieto,correo,3
1689425,bajo,bajo,universidad,bajo,movimiento,correo,3
1198849,alto,medio,casa,bajo,movimiento,web,3
1365370,medio,medio,casa,medio,quieto,web,4
2439493,medio,medio,casa,medio,quieto,web,1
1573980,medio,medio,casa,medio,quieto,web,3
71795,bajo,alto,casa,medio,movimiento,correo,4
1866729,medio,alto,casa,medio,movimiento,correo,3
772738,medio,medio,casa,medio,movimiento,correo,5
1729469,bajo,medio,casa,medio,quieto,web,1
439870,alto,bajo,universidad,bajo,quieto,web,4
1656839,alto,medio,casa,bajo,quieto,web,3
1895682,alto,bajo,casa,bajo,quieto,web,2
2344006,alto,alto,universidad,medio,movimiento,correo,3
2419782,alto,bajo,casa,alto,quieto,correo,2
1903582,alto,alto,universidad,bajo,movimiento,web,4
2314419,medio,bajo,otro,alto,quieto,correo,3
919564,medio,alto,universidad,medio,movimiento,correo,1
1613733,alto,bajo,casa,bajo,movimiento,web,1
1377751,bajo,bajo,universidad,alto,movimiento,correo,1
2320436,alto,medio,casa,alto,movimiento,correo,3
502182,medio,bajo,otro,medio,quieto,correo,2
1048749,bajo,alto,casa,medio,quieto,correo,3
2423082,alto,bajo,universidad,bajo,movimiento,web,2
2590631,alto,bajo,otro,alto,quieto,correo,3
1429828,medio,alto,otro,bajo,movimiento,web,3
226609,medio,bajo,otro,bajo,quieto,web,4
1060346,bajo,bajo,universidad,medio,movimiento,web,2
2531844,bajo,alto,universidad,medio,quieto,web,3
2388118,medio,medio,otro,alto,movimiento,correo,2
1369078,bajo,medio,otro,medio,movimiento,correo,3
2397196,alto,medio,casa,alto,movimiento,web,3
2421477,medio,medio,otro,bajo,quieto,web,3
413385,bajo,bajo,otro,alto,quieto,web,3
713544,bajo,bajo,casa,bajo,quieto,web,3
1552165,alto,alto,otro,medio,quieto,web,3
1700308,medio,bajo,casa,bajo,quieto,web,4
2507768,medio,alto,otro,alto,movimiento,web,5
1693152,medio,medio,otro,alto,movimiento,correo,4
1031887,medio,bajo,otro,medio,movimiento,correo,4
824277,alto,bajo,casa,medio,quieto,correo,4
1291766,alto,alto,otro,medio,movimiento,correo,2
2253129,bajo,medio,universidad,alto,quieto,web,2
2166206,bajo,alto,casa,medio,quieto,web,2
1085953,medio,alto,universidad,bajo,movimiento,web,2
36827,bajo,alto,universidad,bajo,quieto,web,4
1255155,bajo,medio,universidad,medio,movimiento,web,2
1664010,medio,medio,otro,alto,quieto,web,3
1819300,bajo,medio,universidad,alto,quieto,web,4
1616284,bajo,bajo,casa,bajo,movimiento,correo,5
858405,medio,alto,universidad,alto,movimiento,web,3
1642347,alto,alto,universidad,alto,movimiento,correo,3
1233994,medio,medio,casa,bajo,quieto,web,4
977222,alto,alto,casa,alto,quieto,web,4
2202430,bajo,medio,otro,bajo,movimiento,web,4
2126467,medio,alto,casa,bajo,movimiento,correo,3
901931,bajo,alto,casa,medio,movimiento,web,3
954642,alto,alto,universidad,medio,movimiento,correo,2
1712616,alto,alto,universidad,alto,movimiento,web,4
767518,alto,alto,otro,bajo,movimiento,correo,4
178143,alto,medio,universidad,medio,movimiento,web,3
1562197,bajo,medio,casa,bajo,movimiento,correo,2
1312448,bajo,alto,casa,medio,movimiento,correo,2
1795420,bajo,medio,casa,alto,quieto,correo,2
2044640,alto,alto,casa,medio,movimiento,web,5
2345015,alto,bajo,casa,medio,movimiento,correo,2
697474,medio,alto,casa,bajo,quieto,correo,4
882069,bajo,alto,casa,medio,quieto,web,1
2556737,alto,alto,casa,bajo,quieto,web,1
6018,medio,alto,otro,alto,quieto,correo,3
1686647,bajo,alto,universidad,alto,quieto,web,3
953586,bajo,bajo,casa,alto,movimiento,web,5
1822001,alto,bajo,casa,bajo,quieto,web,4
528851,medio,medio,universidad,alto,quieto,correo,3
2291306,medio,medio,casa,alto,quieto,web,2
833859,alto,alto,universidad,alto,movimiento,correo,3
273212,alto,medio,universidad,medio,movimiento,web,2
673040,medio,medio,universidad,medio,quieto,correo,3
2503369,alto,medio,casa,bajo,quieto,web,2
2553741,bajo,bajo,casa,bajo,movimiento,correo,3
1472971,bajo,medio,otro,medio,quieto,correo,5
1960115,alto,bajo,otro,medio,quieto,correo,4
541569,alto,bajo,casa,alto,movimiento,web,2
766434,alto,bajo,otro,alto,movimiento,web,5
1254363,alto,medio,casa,bajo,quieto,correo,4
1048579,alto,bajo,otro,bajo,movimiento,correo,4
2193086,medio,medio,universidad,bajo,movimiento,correo,3
1333823,medio,alto,universidad,medio,quieto,correo,5
1694689,alto,bajo,casa,medio,quieto,web,4
1340920,bajo,alto,otro,bajo,movimiento,correo,4
1021080,alto,bajo,casa,bajo,quieto,web,4
888393,medio,bajo,otro,medio,quieto,correo,4
510593,alto,medio,casa,alto,movimiento,correo,4
1157185,medio,bajo,otro,alto,quieto,web,3
1419139,medio,alto,casa,alto,movimiento,web,1
2118342,alto,alto,universidad,alto,movimiento,correo,4
1887139,bajo,medio,universidad,medio,quieto,correo,5
2546451,alto,medio,universidad,medio,quieto,correo,2
386427,alto,medio,universidad,alto,movimiento,correo,2
305344,medio,bajo,universidad,alto,movimiento,web,1
2558212,alto,medio,casa,bajo,movimiento,correo,5
471790,medio,alto,casa,bajo,quieto,correo,4
1012466,medio,bajo,casa,alto,quieto,correo,3
798319,alto,alto,casa,bajo,movimiento,web,3
412641,bajo,bajo,casa,medio,quieto,web,3
669117,medio,alto,universidad,alto,movimiento,correo,1
754271,alto,bajo,universidad,alto,quieto,web,5
2605571,alto,bajo,casa,alto,quieto,web,2
1017290,alto,alto,otro,bajo,movimiento,correo,4
343818,alto,medio,otro,medio,quieto,correo,3
1113503,medio,alto,casa,bajo,movimiento,correo,4
2189446,medio,medio,casa,medio,quieto,web,5
1335658,bajo,alto,otro,alto,quieto,correo,4
1963869,alto,medio,universidad,medio,quieto,web,3
22015,alto,medio,casa,alto,movimiento,correo,3
363450,alto,medio,otro,alto,quieto,web,4
1973975,alto,bajo,otro,alto,quieto,correo,3
205950,bajo,medio,otro,medio,quieto,correo,4
317325,alto,medio,otro,bajo,quieto,correo,1
1348856,medio,medio,otro,bajo,quieto,correo,3
1287003,bajo,bajo,universidad,bajo,quieto,web,2
1767524,bajo,alto,otro,bajo,movimiento,web,3
929903,medio,alto,otro,alto,quieto,correo,3
1130374,bajo,medio,casa,alto,quieto,correo,3
934315,bajo,bajo,universidad,alto,movimiento,web,3
1438614,bajo,bajo,casa,bajo,quieto,web,3
2254502,bajo,alto,casa,bajo,movimiento,correo,3
989013,medio,alto,casa,bajo,movimiento,correo,3
1052633,bajo,bajo,casa,medio,movimiento,web,3
2618568,medio,bajo,casa,alto,movimiento,correo,5
2610630,medio,bajo,casa,alto,quieto,correo,4
1389422,alto,medio,otro,alto,movimiento,web,3
387418,bajo,medio,casa,medio,movimiento,web,1
1361282,medio,bajo,casa,bajo,quieto,correo,3
336829,medio,bajo,universidad,bajo,movimiento,correo,4
230025,medio,bajo,casa,bajo,movimiento,correo,3
580970,bajo,medio,otro,medio,movimiento,correo,1
2046878,alto,bajo,casa,medio,quieto,web,2
578415,bajo,bajo,universidad,medio,quieto,correo,4
2645621,alto,alto,universidad,bajo,quieto,correo,3
2432988,alto,bajo,universidad,bajo,quieto,correo,3
1565026,alto,bajo,universidad,medio,quieto,web,3
2565053,alto,alto,universidad,alto,movimiento,correo,5
2122667,alto,medio,universidad,alto,quieto,correo,1
117703,alto,medio,casa,medio,quieto,correo,2
267107,bajo,alto,universidad,medio,movimiento,web,3
1639792,bajo,bajo,universidad,alto,quieto,correo,1
1035139,medio,alto,otro,bajo,movimiento,correo,3
135215,bajo,alto,otro,bajo,quieto,correo,5
1365384,alto,bajo,otro,medio,quieto,correo,3
2230283,bajo,bajo,casa,bajo,quieto,web,4
2299436,bajo,alto,casa,alto,movimiento,web,4
1506406,alto,bajo,universidad,medio,quieto,web,5
515952,alto,medio,casa,medio,movimiento,web,3
90554,alto,alto,otro,medio,quieto,correo,3
2398862,bajo,alto,casa,medio,quieto,web,4
1340811,medio,bajo,otro,alto,quieto,correo,4
2434700,bajo,alto,universidad,alto,movimiento,correo,4
1600674,alto,bajo,casa,alto,movimiento,correo,5
1278132,bajo,medio,universidad,bajo,quieto,correo,5
2487990,alto,medio,casa,medio,movimiento,web,2
2546815,medio,medio,otro,medio,quieto,web,2
1573865,medio,medio,casa,alto,movimiento,correo,4
343269,bajo,bajo,otro,alto,movimiento,web,1
2057056,bajo,alto,casa,alto,movimiento,correo,4
1697157,bajo,bajo,casa,alto,quieto,correo,2
770268,alto,medio,universidad,bajo,movimiento,correo,3
699878,bajo,medio,universidad,medio,quieto,web,2
2625420,medio,medio,casa,alto,movimiento,web,2
1874659,medio,alto,otro,medio,movimiento,correo,5
2541025,bajo,bajo,universidad,medio,quieto,web,3
1478381,medio,bajo,otro,bajo,quieto,correo,3
2606540,medio,bajo,casa,alto,quieto,web,4
308618,bajo,bajo,casa,bajo,quieto,web,4
741740,bajo,alto,casa,alto,movimiento,web,4
2213289,medio,bajo,otro,bajo,movimiento,web,3
1380479,medio,bajo,otro,medio,quieto,web,5
174683,alto,bajo,casa,medio,quieto,correo,5
1716229,alto,bajo,otro,alto,movimiento,correo,3
1332388,alto,medio,casa,medio,quieto,web,3
57515,bajo,bajo,universidad,alto,quieto,web,3
616350,alto,medio,universidad,alto,movimiento,correo,4
1311409,bajo,bajo,casa,alto,movimiento,web,4
724050,medio,medio,casa,alto,quieto,correo,2
1094517,medio,alto,otro,bajo,quieto,correo,4
1743030,medio,bajo,universidad,medio,quieto,web,3
1009622,bajo,alto,casa,alto,movimiento,web,2
2598295,medio,bajo,universidad,medio,movimiento,web,2
2539763,alto,alto,casa,alto,quieto,correo,3
2352327,medio,medio,otro,bajo,movimiento,web,5
108484,bajo,medio,universidad,alto,quieto,correo,3
832048,bajo,alto,casa,alto,quieto,correo,3
688590,alto,alto,universidad,bajo,quieto,web,3
2277519,medio,bajo,universidad,medio,quieto,web,4
1473206,bajo,medio,universidad,alto,movimiento,web,4
1448808,medio,bajo,universidad,medio,movimiento,web,4
1388266,alto,bajo,otro,alto,quieto,web,4
664105,alto,bajo,otro,alto,movimiento,correo,3
1193792,medio,medio,otro,medio,movimiento,correo,2
727242,medio,bajo,casa,medio,movimiento,web,1
2294328,alto,alto,otro,alto,quieto,correo,4
1521266,medio,medio,casa,alto,quieto,correo,3
1447366,bajo,medio,otro,medio,quieto,correo,4
2266017,bajo,medio,casa,medio,quieto,correo,1
1567630,bajo,bajo,universidad,alto,quieto,web,4
1164435,alto,bajo,universidad,bajo,quieto,correo,3
2170930,alto,bajo,universidad,medio,quieto,web,1
2196595,medio,medio,otro,alto,quieto,correo,5
1792741,alto,alto,otro,bajo,movimiento,correo,3
2275545,medio,bajo,casa,alto,quieto,web,3
968759,bajo,alto,casa,bajo,movimiento,web,3
2476624,alto,bajo,universidad,bajo,movimiento,web,3
531953,alto,medio,otro,bajo,quieto,correo,2
1813431,medio,alto,otro,alto,movimiento,web,4
2540145,medio,bajo,otro,bajo,movimiento,web,3
2002671,bajo,bajo,otro,bajo,quieto,web,2
1955565,medio,medio,otro,bajo,movimiento,web,4
1775841,alto,bajo,casa,medio,quieto,web,5
2439493,medio,bajo,universidad,bajo,movimiento,web,1
2291127,bajo,alto,casa,bajo,movimiento,web,1
1063361,medio,medio,universidad,medio,movimiento,correo,3
1850615,bajo,bajo,universidad,bajo,movimiento,correo,1
492899,bajo,bajo,otro,medio,quieto,correo,5
1147101,medio,alto,casa,alto,quieto,web,4
850291,bajo,bajo,universidad,alto,movimiento,correo,2
2174682,medio,alto,casa,medio,quieto,correo,5
2308224,alto,alto,universidad,bajo,movimiento,correo,3
1284481,bajo,medio,otro,medio,movimiento,correo,5
1770331,medio,alto,casa,medio,quieto,correo,4
504297,alto,alto,casa,bajo,quieto,web,5
1990376,medio,medio,otro,medio,movimiento,web,4
1024854,medio,medio,casa,bajo,movimiento,web,4
1689611,bajo,alto,otro,medio,quieto,web,2
388435,bajo,alto,casa,bajo,quieto,correo,3
2101124,bajo,bajo,casa,alto,movimiento,web,3
1903582,alto,bajo,universidad,alto,movimiento,web,4
573864,alto,alto,casa,alto,movimiento,correo,1
1422693,alto,bajo,universidad,bajo,movimiento,web,3
1028463,bajo,alto,casa,bajo,movimiento,web,2
1607759,medio,bajo,universidad,medio,quieto,correo,2
1521657,medio,alto,universidad,alto,movimiento,correo,2
2057571,bajo,medio,otro,alto,quieto,web,4
825866,bajo,medio,casa,medio,quieto,correo,3
1934218,alto,medio,casa,alto,quieto,web,3
1952305,alto,bajo,otro,alto,movimiento,correo,3
2237449,bajo,medio,otro,alto,movimiento,correo,2
1905883,medio,bajo,universidad,bajo,movimiento,web,3
93235,medio,bajo,casa,bajo,movimiento,correo,2
555770,alto,bajo,casa,bajo,quieto,correo,4
2457095,alto,bajo,otro,medio,movimiento,correo,1
1374216,medio,alto,otro,bajo,quieto,correo,1
1891060,bajo,alto,universidad,medio,quieto,correo,4
258010,medio,alto,otro,alto,quieto,correo,2
2167214,medio,alto,casa,bajo,movimiento,correo,4
849928,bajo,alto,universidad,alto,movimiento,correo,3
1652323,alto,alto,universidad,bajo,quieto,web,3
181003,bajo,bajo,otro,medio,quieto,correo,2
2597832,bajo,medio,casa,alto,quieto,web,3
1669454,medio,bajo,casa,medio,movimiento,web,5
1272917,medio,alto,universidad,medio,movimiento,correo,1
68384,medio,bajo,otro,alto,quieto,correo,4
2481258,alto,bajo,casa,medio,movimiento,correo,3
2311464,medio,bajo,universidad,alto,movimiento,web,2
2537543,bajo,bajo,otro,bajo,movimiento,correo,1
311282,bajo,alto,universidad,alto,movimiento,correo,5
1714672,alto,alto,casa,medio,quieto,correo,3
303270,medio,alto,universidad,medio,quieto,web,5
1864793,bajo,medio,universidad,bajo,quieto,correo,4
1470123,alto,bajo,casa,medio,quieto,correo,4
2176292,bajo,alto,casa,alto,movimiento,correo,4
1485766,alto,medio,casa,alto,movimiento,correo,5
1812877,bajo,bajo,otro,bajo,quieto,web,2
894393,bajo,alto,otro,alto,quieto,web,4
2245950,bajo,alto,universidad,bajo,movimiento,correo,4
1664010,bajo,bajo,universidad,alto,movimiento,correo,4
580724,alto,medio,universidad,alto,movimiento,web,3
1832676,bajo,medio,otro,alto,movimiento,web,4
729751,bajo,alto,otro,medio,quieto,correo,4
2249828,alto,alto,universidad,bajo,movimiento,web,4
514611,bajo,bajo,otro,medio,quieto,web,3
2632404,bajo,bajo,universidad,bajo,movimiento,correo,3
659540,bajo,bajo,casa,bajo,movimiento,web,3
990789,medio,alto,universidad,alto,quieto,web,5
636701,medio,bajo,otro,medio,movimiento,web,1
265848,alto,medio,universidad,alto,movimiento,web,1
1633995,bajo,alto,universidad,bajo,movimiento,correo,2
2117927,medio,bajo,universidad,bajo,quieto,correo,5
1940105,bajo,alto,universidad,medio,movimiento,web,3
2637886,alto,alto,otro,alto,quieto,correo,5
2014371,bajo,bajo,casa,bajo,movimiento,correo,2
286684,alto,medio,casa,alto,quieto,web,3
767267,medio,bajo,universidad,medio,movimiento,correo,4
2442243,bajo,alto,otro,bajo,quieto,correo,1
2606685,bajo,bajo,casa,medio,movimiento,correo,3
2078967,medio,alto,universidad,bajo,quieto,correo,4
767518,bajo,alto,otro,medio,quieto,correo,5
1975876,medio,medio,casa,medio,quieto,correo,2
2044807,alto,alto,otro,medio,movimiento,correo,4
2194719,bajo,medio,casa,alto,movimiento,web,3
2559018,bajo,medio,otro,bajo,movimiento,correo,4
46920,alto,medio,casa,alto,movimiento,correo,3
233949,medio,medio,universidad,bajo,movimiento,correo,3
416284,alto,bajo,universidad,bajo,movimiento,correo,4
85287,bajo,alto,casa,bajo,quieto,correo,3
1154507,bajo,medio,casa,alto,movimiento,correo,1
2046267,alto,bajo,casa,medio,quieto,correo,4
2179049,bajo,alto,universidad,medio,movimiento,web,3
1403983,alto,medio,otro,alto,quieto,web,4
817144,bajo,medio,casa,medio,movimiento,correo,3
951907,medio,medio,otro,bajo,quieto,correo,4
2173597,alto,medio,casa,medio,quieto,correo,2
1655845,bajo,alto,casa,alto,movimiento,web,3
1042361,medio,alto,otro,medio,quieto,correo,5
2063246,alto,alto,casa,bajo,movimiento,correo,2
122001,alto,medio,otro,alto,quieto,correo,4
1802136,alto,bajo,universidad,bajo,movimiento,correo,4
1773304,medio,bajo,casa,alto,quieto,web,3
1314095,medio,alto,casa,medio,movimiento,web,1
2256485,alto,alto,otro,medio,quieto,correo,1
789014,alto,alto,universidad,medio,movimiento,web,1
491255,medio,medio,universidad,alto,movimiento,correo,3
1089478,medio,alto,casa,alto,quieto,web,5
1415943,alto,alto,universidad,alto,movimiento,correo,5
1471220,bajo,bajo,casa,bajo,quieto,web,3
1693480,alto,alto,universidad,alto,quieto,web,3
1634480,alto,medio,universidad,bajo,movimiento,web,3
495000,medio,medio,universidad,medio,movimiento,correo,4
1781852,medio,bajo,otro,medio,quieto,correo,3
1291710,alto,bajo,otro,medio,quieto,web,3
1329110,alto,alto,otro,medio,quieto,web,3
305344,alto,medio,universidad,bajo,movimiento,correo,1
387170,bajo,medio,otro,medio,movimiento,correo,5
350351,medio,alto,casa,medio,quieto,correo,3
1459464,medio,alto,casa,alto,quieto,web,5
651142,alto,medio,universidad,alto,movimiento,correo,3
1333864,alto,alto,casa,medio,movimiento,correo,4
1012466,medio,bajo,otro,alto,quieto,web,3
844028,medio,alto,otro,medio,quieto,correo,1
1403217,medio,medio,otro,medio,movimiento,correo,2
683751,medio,alto,casa,bajo,movimiento,web,2
337026,medio,alto,universidad,bajo,quieto,correo,3
436917,medio,bajo,universidad,bajo,movimiento,correo,3
1986877,bajo,medio,casa,bajo,quieto,correo,4
2224354,bajo,medio,universidad,bajo,movimiento,correo,3
2260738,bajo,alto,otro,medio,movimiento,web,3
1643146,medio,medio,otro,bajo,movimiento,web,4
1181649,bajo,bajo,casa,bajo,quieto,correo,3
1958982,bajo,bajo,otro,alto,quieto,web,4
1529388,alto,alto,casa,bajo,quieto,web,3
140565,alto,bajo,casa,bajo,movimiento,web,3
328094,medio,bajo,casa,alto,quieto,correo,4
932897,alto,medio,universidad,alto,movimiento,correo,5
42072,medio,bajo,universidad,medio,quieto,correo,4
2267044,bajo,medio,casa,medio,movimiento,web,3
1996811,bajo,medio,casa,alto,quieto,web,5
2646583,medio,bajo,otro,bajo,quieto,correo,4
1078512,medio,bajo,universidad,bajo,quieto,correo,2
1831890,bajo,medio,universidad,bajo,movimiento,web,3
1179982,alto,bajo,casa,alto,movimiento,correo,4
1523608,medio,bajo,universidad,alto,movimiento,correo,3
799122,bajo,alto,casa,alto,movimiento,web,3
817916,alto,alto,otro,alto,movimiento,web,2
1886936,alto,medio,otro,medio,quieto,correo,3
339264,medio,bajo,otro,alto,movimiento,web,4
1531863,alto,medio,casa,alto,quieto,correo,3
538005,bajo,bajo,otro,bajo,quieto,web,1
2618568,medio,medio,otro,bajo,movimiento,web,4
1739627,alto,alto,casa,medio,quieto,correo,5
1960433,medio,medio,casa,alto,quieto,correo,3
1052633,bajo,alto,otro,alto,quieto,web,3
1718685,bajo,bajo,casa,alto,quieto,correo,3
1284016,alto,bajo,universidad,medio,quieto,correo,3
1838292,bajo,bajo,casa,alto,quieto,correo,2
838343,alto,medio,casa,alto,quieto,web,2
884216,bajo,medio,otro,medio,movimiento,correo,4
2118461,alto,bajo,casa,medio,movimiento,correo,3
396747,alto,bajo,casa,alto,quieto,correo,4
935389,alto,alto,universidad,alto,quieto,web,4
690939,medio,bajo,otro,medio,movimiento,web,3
476978,alto,alto,otro,medio,movimiento,correo,3
2061495,alto,medio,otro,medio,movimiento,correo,3
2023357,medio,medio,otro,alto,movimiento,web,3
387418,alto,bajo,otro,medio,movimiento,correo,2
397212,medio,bajo,casa,medio,movimiento,correo,5
1717595,alto,medio,casa,alto,quieto,web,3
58415,medio,bajo,otro,bajo,movimiento,correo,3
1932594,alto,alto,otro,bajo,movimiento,web,3
1261802,medio,bajo,universidad,medio,quieto,correo,4
1255224,medio,medio,universidad,bajo,movimiento,correo,4
765625,medio,alto,casa,medio,movimiento,web,5
2303084,alto,alto,universidad,alto,quieto,web,5
993729,medio,bajo,universidad,medio,quieto,web,4
324128,alto,medio,universidad,alto,quieto,web,4
1663888,bajo,bajo,casa,medio,movimiento,web,3
1461435,bajo,medio,universidad,alto,quieto,web,1
858666,medio,medio,universidad,alto,quieto,correo,3
1072863,bajo,bajo,casa,alto,movimiento,correo,3
188106,medio,alto,universidad,bajo,movimiento,web,3
1072331,alto,bajo,universidad,bajo,movimiento,web,5
371741,bajo,medio,otro,alto,movimiento,web,4
1163386,bajo,bajo,casa,bajo,quieto,correo,5
1639792,alto,medio,universidad,bajo,movimiento,web,1
1507727,alto,medio,otro,medio,quieto,correo,3
328458,medio,bajo,universidad,alto,quieto,web,5
1137602,alto,medio,casa,medio,movimiento,correo,2
2460347,alto,bajo,casa,bajo,movimiento,correo,1
2080664,bajo,bajo,casa,bajo,movimiento,correo,2
2132239,bajo,alto,otro,medio,movimiento,web,1
1707198,bajo,alto,universidad,alto,quieto,correo,3
1852040,alto,bajo,casa,alto,movimiento,web,2
623155,medio,bajo,casa,medio,quieto,web,3
88188,medio,bajo,otro,medio,quieto,web,3
1462129,medio,alto,universidad,bajo,quieto,web,4
1796454,alto,bajo,otro,alto,quieto,web,3
1213178,bajo,alto,otro,medio,quieto,web,3
515617,medio,alto,casa,alto,movimiento,web,4
2059652,bajo,alto,universidad,bajo,quieto,web,4
1666394,medio,medio,casa,medio,movimiento,web,3
1759415,bajo,bajo,otro,medio,quieto,web,4
1959936,alto,alto,otro,bajo,movimiento,correo,5
998862,bajo,medio,casa,bajo,movimiento,correo,4
2625420,alto,medio,casa,bajo,quieto,correo,2
573975,alto,medio,universidad,bajo,movimiento,correo,3
392722,bajo,alto,otro,alto,movimiento,correo,4
1401650,medio,medio,otro,alto,quieto,correo,4
988104,medio,bajo,otro,bajo,movimiento,correo,3
977632,bajo,bajo,casa,medio,movimiento,web,4
2557870,bajo,alto,otro,alto,movimiento,web,4
1793899,bajo,bajo,universidad,medio,movimiento,correo,5
1340535,alto,bajo,universidad,alto,quieto,web,5
1888322,alto,medio,otro,medio,movimiento,correo,5
1283598,bajo,medio,otro,alto,quieto,web,3
1784150,alto,alto,universidad,bajo,movimiento,web,4
2271251,alto,bajo,otro,medio,movimiento,web,5
65932,medio,bajo,universidad,medio,movimiento,web,3
1828884,bajo,medio,otro,medio,quieto,correo,5
1878728,bajo,alto,casa,alto,quieto,web,4
1922778,alto,bajo,casa,medio,quieto,correo,3
1176404,bajo,bajo,universidad,medio,quieto,web,4
2265116,bajo,alto,universidad,alto,movimiento,correo,3
1078701,bajo,medio,otro,medio,movimiento,correo,4
1832577,medio,bajo,casa,medio,movimiento,web,4
748922,bajo,medio,universidad,bajo,movimiento,web,5
1013802,bajo,alto,otro,medio,movimiento,correo,1
1131325,medio,alto,universidad,alto,movimiento,correo,2
2244378,bajo,bajo,otro,bajo,movimiento,correo,4
494639,bajo,alto,universidad,bajo,movimiento,web,2
636262,medio,alto,otro,alto,movimiento,correo,1
1903158,medio,alto,otro,bajo,movimiento,correo,4
220427,medio,alto,otro,bajo,quieto,web,4
2439493,medio,alto,otro,bajo,quieto,web,1
2225116,medio,medio,otro,alto,movimiento,web,4
1445632,bajo,bajo,otro,medio,movimiento,web,5
2592823,medio,medio,otro,alto,movimiento,web,4
1288603,bajo,medio,casa,bajo,movimiento,web,5
2556926,medio,medio,universidad,bajo,movimiento,correo,3
1190070,alto,medio,otro,alto,quieto,web,4
1312846,alto,medio,casa,medio,quieto,correo,3
2226229,bajo,alto,otro,bajo,movimiento,correo,3
1563935,alto,medio,otro,alto,movimiento,correo,1
69809,medio,alto,universidad,medio,quieto,correo,5
1349753,bajo,alto,otro,bajo,quieto,correo,3
785768,medio,alto,casa,alto,quieto,correo,3
426476,alto,medio,otro,bajo,movimiento,web,5
810636,alto,bajo,otro,medio,quieto,web,4
468713,bajo,medio,casa,medio,movimiento,web,5
222290,bajo,alto,otro,medio,movimiento,web,4
349407,alto,bajo,universidad,alto,quieto,correo,5
311232,bajo,bajo,universidad,medio,movimiento,correo,2
2596999,bajo,medio,otro,alto,quieto,web,4
1025601,alto,medio,universidad,bajo,quieto,web,5
1743759,alto,bajo,casa,alto,quieto,web,4
2385553,medio,bajo,casa,bajo,quieto,correo,5
1374216,alto,bajo,casa,alto,movimiento,web,1
526466,alto,alto,casa,alto,movimiento,web,4
2648861,alto,medio,casa,bajo,quieto,correo,3
1210631,bajo,bajo,casa,medio,quieto,web,3
2314531,alto,bajo,universidad,medio,movimiento,web,4
618272,alto,medio,casa,alto,movimiento,web,1
2532807,bajo,alto,casa,bajo,quieto,web,3
412535,bajo,alto,universidad,alto,movimiento,correo,4
1315005,bajo,bajo,universidad,bajo,movimiento,web,4
1358911,bajo,alto,casa,medio,movimiento,correo,5
507603,bajo,bajo,otro,bajo,movimiento,correo,1
1507649,alto,alto,otro,medio,movimiento,correo,5
845529,medio,medio,otro,bajo,movimiento,web,5
1479907,bajo,bajo,casa,medio,quieto,web,5
236271,medio,medio,universidad,medio,movimiento,web,2
2422676,alto,medio,universidad,alto,movimiento,web,3
1636093,medio,bajo,otro,bajo,quieto,correo,5
995594,medio,bajo,universidad,bajo,quieto,correo,5
1664010,alto,bajo,universidad,medio,movimiento,web,4
2431481,medio,bajo,universidad,alto,movimiento,correo,3
1980668,alto,alto,casa,bajo,quieto,correo,5
402321,medio,medio,universidad,alto,quieto,web,4
1344564,alto,alto,casa,alto,quieto,web,3
1632603,alto,bajo,universidad,bajo,movimiento,correo,3
2567280,alto,alto,otro,bajo,quieto,web,3
1623166,bajo,bajo,otro,alto,movimiento,web,3
521932,bajo,alto,otro,bajo,quieto,correo,4
105086,bajo,medio,otro,bajo,movimiento,correo,5
2072554,medio,alto,universidad,alto,quieto,correo,5
2231529,alto,bajo,universidad,medio,quieto,web,3
2103439,alto,alto,universidad,bajo,movimiento,web,2
261764,bajo,alto,universidad,bajo,movimiento,web,1
193476,bajo,bajo,otro,bajo,quieto,web,5
1576540,alto,alto,casa,bajo,quieto,web,4
1783594,medio,medio,universidad,alto,quieto,correo,5
503334,bajo,bajo,casa,alto,movimiento,correo,4
183903,bajo,medio,otro,medio,movimiento,correo,5
2606799,bajo,alto,casa,alto,movimiento,correo,1
1236127,medio,alto,casa,bajo,quieto,correo,4
2375962,bajo,medio,casa,medio,movimiento,web,3
2212071,medio,bajo,otro,alto,movimiento,web,3
1252841,medio,bajo,casa,medio,quieto,correo,3
247898,alto,bajo,otro,medio,movimiento,web,5
970975,medio,alto,universidad,medio,movimiento,web,3
305344,bajo,medio,casa,alto,movimiento,correo,1
1581186,alto,medio,otro,alto,quieto,web,4
1129620,medio,medio,universidad,bajo,movimiento,correo,3
584750,bajo,alto,otro,alto,quieto,web,3
11409,alto,medio,otro,alto,movimiento,web,5
1875495,alto,medio,otro,medio,movimiento,web,2
1403217,alto,medio,casa,bajo,quieto,correo,2
2147527,alto,alto,otro,alto,movimiento,web,1
2418486,bajo,bajo,casa,alto,quieto,web,4
1476323,bajo,medio,casa,bajo,movimiento,correo,5
2345723,alto,alto,universidad,medio,movimiento,correo,4
2640085,medio,bajo,otro,alto,movimiento,web,5
1803154,bajo,alto,casa,alto,quieto,correo,2
1251170,bajo,alto,otro,bajo,quieto,correo,2
527491,alto,bajo,casa,medio,quieto,web,4
391517,alto,bajo,casa,medio,movimiento,web,4
1398626,bajo,bajo,otro,alto,movimiento,web,3
828919,medio,bajo,universidad,alto,quieto,correo,5
196494,bajo,alto,otro,alto,quieto,web,5
715897,medio,medio,casa,bajo,movimiento,correo,5
268917,medio,medio,universidad,alto,movimiento,correo,2
41422,medio,alto,casa,alto,quieto,web,4
1806515,alto,alto,universidad,medio,quieto,correo,3
2118461,medio,alto,casa,bajo,movimiento,correo,4
387418,bajo,alto,otro,alto,quieto,web,1
2019055,alto,alto,casa,medio,quieto,correo,5
348960,bajo,bajo,universidad,alto,movimiento,correo,1
1167731,medio,medio,otro,bajo,movimiento,correo,4
2468831,bajo,alto,universidad,bajo,movimiento,web,5
219925,bajo,bajo,casa,bajo,quieto,correo,4
1025193,medio,medio,otro,bajo,movimiento,web,5
630887,alto,medio,universidad,alto,movimiento,web,5
1461435,medio,alto,universidad,medio,quieto,correo,1
1838586,bajo,bajo,otro,alto,movimiento,correo,1
1515430,medio,medio,universidad,bajo,movimiento,web,3
1807053,medio,bajo,universidad,alto,movimiento,correo,5
1172326,medio,alto,otro,alto,movimiento,web,5
1785842,alto,bajo,universidad,bajo,quieto,web,3
803752,bajo,alto,casa,medio,quieto,correo,3
1581265,bajo,bajo,otro,medio,quieto,web,3
515436,medio,alto,universidad,bajo,quieto,correo,1
1824543,alto,medio,casa,alto,quieto,correo,4
1283204,bajo,medio,otro,medio,quieto,correo,3
1272122,bajo,bajo,casa,bajo,quieto,web,5
1488844,alto,medio,universidad,bajo,movimiento,correo,3
822109,bajo,medio,universidad,alto,movimiento,correo,5
885013,medio,bajo,universidad,alto,quieto,web,4
30878,bajo,medio,otro,bajo,quieto,web,4
823519,alto,bajo,otro,alto,quieto,correo,3
893988,medio,alto,otro,alto,quieto,web,3
124105,alto,medio,otro,bajo,quieto,web,4
1248029,alto,alto,casa,medio,movimiento,web,3
1842128,medio,medio,casa,medio,quieto,correo,4
2238063,medio,alto,casa,medio,quieto,correo,3
1503895,bajo,bajo,universidad,alto,movimiento,web,4
2207774,medio,medio,otro,medio,quieto,web,5
2590061,bajo,medio,otro,alto,quieto,web,3
2442,medio,alto,otro,medio,quieto,correo,3
543865,medio,bajo,otro,medio,quieto,correo,4
1209119,bajo,alto,otro,alto,quieto,correo,4
804919,alto,medio,casa,medio,quieto,web,4
1086807,bajo,medio,otro,alto,quieto,correo,3
1711859,bajo,bajo,otro,bajo,quieto,web,4
372233,bajo,medio,universidad,alto,movimiento,web,5
1080361,medio,alto,casa,alto,quieto,correo,3
1245640,medio,alto,otro,alto,movimiento,web,3
558634,alto,alto,casa,alto,quieto,correo,4
2165002,alto,bajo,otro,bajo,quieto,web,4
1181550,alto,medio,casa,medio,quieto,web,3
1227322,medio,bajo,casa,bajo,movimiento,correo,4
427928,medio,medio,casa,alto,quieto,web,4
814701,alto,alto,otro,alto,movimiento,correo,5
808731,medio,bajo,otro,bajo,movimiento,web,4
662870,alto,bajo,universidad,medio,quieto,web,5
337541,medio,alto,casa,alto,quieto,correo,5
786312,bajo,medio,universidad,bajo,movimiento,correo,3
1133214,medio,bajo,casa,alto,quieto,correo,4
1537427,medio,bajo,universidad,bajo,movimiento,web,4
1209954,medio,bajo,universidad,bajo,movimiento,correo,5
2381599,medio,bajo,otro,medio,movimiento,web,3
525356,bajo,bajo,universidad,alto,quieto,web,2
1910569,medio,bajo,universidad,alto,movimiento,correo,4
2263586,medio,medio,otro,alto,quieto,web,4
2421815,medio,medio,otro,bajo,movimiento,web,2
1009622,medio,medio,otro,medio,movimiento,web,1
1481961,alto,medio,universidad,medio,quieto,web,2
401047,medio,bajo,otro,medio,movimiento,correo,4
2179073,alto,medio,casa,bajo,movimiento,web,3
1434636,medio,alto,casa,medio,movimiento,web,3
93986,medio,bajo,casa,alto,movimiento,correo,5
1308744,medio,alto,universidad,alto,movimiento,correo,5
2647871,medio,alto,otro,bajo,movimiento,web,4
1905581,medio,medio,casa,alto,movimiento,correo,5
2508819,bajo,medio,otro,alto,movimiento,correo,3
1578279,medio,bajo,universidad,bajo,movimiento,correo,1
1159695,alto,alto,casa,alto,movimiento,web,4
2588432,medio,bajo,casa,bajo,quieto,web,3
2423091,bajo,medio,casa,medio,movimiento,correo,3
470232,bajo,alto,casa,medio,movimiento,web,4
2148699,alto,medio,universidad,medio,quieto,correo,2
1342007,bajo,alto,universidad,alto,quieto,web,3
466135,medio,alto,casa,bajo,movimiento,correo,4
2472440,alto,medio,casa,alto,quieto,correo,3
1283744,alto,alto,otro,alto,movimiento,web,3
1927580,alto,alto,casa,medio,movimiento,correo,4
716874,medio,alto,universidad,alto,quieto,web,5
4326,bajo,bajo,casa,medio,quieto,web,4
1546549,medio,bajo,universidad,alto,movimiento,web,5
1493697,bajo,alto,casa,bajo,movimiento,correo,1
880166,bajo,medio,otro,medio,quieto,correo,5
535396,medio,bajo,universidad,alto,quieto,correo,2
494609,alto,alto,casa,alto,movimiento,correo,4
1961619,medio,medio,universidad,medio,movimiento,web,5
883478,medio,alto,universidad,bajo,quieto,web,4
793564,alto,alto,universidad,alto,movimiento,correo,4
1567202,alto,medio,casa,medio,quieto,correo,2
573537,alto,bajo,otro,alto,quieto,correo,4
1972040,alto,bajo,otro,alto,quieto,correo,4
1838912,bajo,alto,universidad,medio,movimiento,correo,3
411705,bajo,bajo,universidad,alto,movimiento,web,4
2244518,medio,alto,universidad,bajo,movimiento,web,5
584542,alto,bajo,casa,alto,quieto,correo,5
667730,alto,bajo,otro,bajo,movimiento,correo,5
2488120,alto,bajo,otro,medio,movimiento,correo,5
1926776,alto,medio,universidad,alto,movimiento,web,1
38052,medio,medio,universidad,bajo,quieto,web,3
1196100,bajo,bajo,universidad,medio,quieto,web,4
314933,alto,alto,casa,medio,movimiento,correo,3
1792741,alto,medio,otro,alto,quieto,correo,2
769643,alto,bajo,otro,medio,movimiento,correo,1
2477242,medio,alto,universidad,alto,movimiento,web,5
1421006,medio,alto,universidad,alto,quieto,correo,3
729846,bajo,medio,otro,bajo,quieto,correo,4
1719610,alto,alto,universidad,bajo,quieto,correo,2
1696031,alto,alto,otro,alto,quieto,correo,4
1817215,alto,medio,otro,medio,movimiento,correo,4
406057,bajo,bajo,universidad,bajo,movimiento,correo,4
636262,bajo,medio,universidad,bajo,quieto,correo,1
1245406,medio,bajo,casa,medio,movimiento,correo,4
1834590,bajo,bajo,otro,medio,movimiento,web,3
593225,medio,medio,universidad,bajo,quieto,web,3
1011918,alto,alto,casa,alto,movimiento,web,4
1665054,alto,medio,universidad,medio,movimiento,web,4
2630337,bajo,alto,casa,alto,movimiento,correo,5
1155747,medio,alto,casa,bajo,quieto,web,3
2439493,bajo,bajo,otro,medio,movimiento,web,1
479924,medio,bajo,otro,alto,movimiento,web,5
530789,alto,alto,otro,alto,movimiento,correo,5
765860,alto,bajo,casa,medio,movimiento,correo,4
231001,bajo,bajo,otro,alto,movimiento,web,3
1493615,bajo,bajo,otro,medio,movimiento,correo,5
1850615,bajo,medio,universidad,alto,quieto,web,2
68959,alto,bajo,otro,medio,quieto,web,3
147386,medio,alto,casa,medio,movimiento,correo,5
624035,alto,medio,universidad,medio,quieto,correo,5
782308,alto,alto,universidad,medio,quieto,web,5
1116080,medio,bajo,casa,bajo,quieto,correo,5
421374,medio,alto,otro,bajo,quieto,web,5
1158759,bajo,alto,universidad,medio,movimiento,correo,4
1025798,alto,medio,universidad,bajo,movimiento,correo,3
1215397,medio,alto,universidad,alto,movimiento,web,5
2475251,bajo,alto,otro,alto,quieto,correo,4
321111,medio,bajo,otro,medio,quieto,correo,2
2162676,bajo,bajo,casa,bajo,movimiento,web,3
2635437,alto,medio,universidad,bajo,movimiento,web,4
2389367,alto,bajo,universidad,bajo,quieto,web,1
485622,bajo,bajo,casa,alto,movimiento,web,5
235553,bajo,bajo,otro,alto,movimiento,correo,4
831869,bajo,medio,universidad,medio,movimiento,correo,4
99400,bajo,bajo,universidad,medio,movimiento,web,5
684876,bajo,medio,universidad,bajo,movimiento,correo,4
1871179,bajo,bajo,casa,alto,quieto,web,3
1107678,alto,alto,universidad,medio,movimiento,correo,5
642036,bajo,medio,otro,alto,movimiento,correo,3
700890,alto,alto,otro,medio,movimiento,web,5
2289956,bajo,alto,universidad,medio,movimiento,correo,5
2040859,bajo,alto,otro,alto,movimiento,correo,1
1524964,alto,alto,otro,alto,movimiento,correo,3
121318,alto,medio,universidad,medio,quieto,correo,4
317050,medio,medio,casa,bajo,movimiento,web,5
2287003,alto,alto,casa,alto,quieto,web,5
59052,alto,bajo,universidad,bajo,quieto,web,2
893742,medio,medio,universidad,alto,movimiento,web,4
1346257,alto,alto,universidad,alto,movimiento,web,3
55016,medio,medio,otro,alto,movimiento,web,3
30245,alto,bajo,otro,bajo,quieto,correo,5
743633,alto,bajo,otro,alto,movimiento,correo,4
1596531,medio,bajo,otro,alto,quieto,web,5
1125499,medio,bajo,casa,medio,quieto,web,5
706832,alto,alto,casa,alto,movimiento,correo,4
2465337,alto,alto,otro,bajo,quieto,correo,3
2291422,medio,bajo,universidad,medio,quieto,correo,1
1777406,medio,medio,universidad,alto,movimiento,web,3
1904905,alto,alto,casa,bajo,quieto,web,4
2450433,medio,alto,universidad,bajo,movimiento,web,3
1348967,alto,bajo,casa,bajo,quieto,correo,2
638020,medio,bajo,casa,bajo,movimiento,correo,3
2217779,medio,bajo,otro,medio,movimiento,correo,4
194280,bajo,medio,universidad,alto,movimiento,web,1
493009,alto,bajo,otro,alto,quieto,web,4
1567167,alto,alto,otro,medio,quieto,web,4
850327,bajo,bajo,otro,medio,quieto,correo,5
520386,alto,medio,casa,medio,quieto,web,3
320540,alto,medio,otro,alto,quieto,correo,2
1188228,alto,alto,universidad,alto,movimiento,web,2
57961,bajo,bajo,casa,bajo,quieto,correo,4
1113230,medio,alto,casa,alto,quieto,web,3
1374216,medio,bajo,casa,medio,quieto,web,2
595778,medio,alto,casa,medio,movimiento,correo,3
209573,bajo,bajo,casa,medio,quieto,correo,4
2354601,bajo,alto,casa,alto,quieto,correo,5
2563596,medio,alto,casa,alto,quieto,correo,4
835265,medio,alto,universidad,medio,quieto,correo,4
1819474,medio,alto,casa,bajo,movimiento,correo,3
1447104,medio,alto,casa,alto,movimiento,web,3
1100940,alto,bajo,universidad,alto,movimiento,correo,1
143274,bajo,alto,otro,medio,quieto,correo,3
2329565,alto,alto,casa,medio,movimiento,correo,4
181592,alto,alto,casa,alto,movimiento,web,4
936396,alto,bajo,otro,medio,movimiento,web,2
1125797,alto,bajo,universidad,medio,movimiento,web,3
2283366,alto,bajo,otro,medio,quieto,web,3
514495,medio,alto,casa,medio,movimiento,web,4
1772176,bajo,bajo,casa,bajo,movimiento,correo,3
1877347,alto,alto,otro,alto,quieto,web,4
1287892,medio,bajo,universidad,medio,quieto,correo,4
255443,medio,bajo,otro,alto,quieto,web,2
890669,alto,bajo,otro,medio,movimiento,correo,4
1989766,medio,alto,casa,alto,quieto,web,4
2315073,bajo,bajo,otro,medio,quieto,web,4
14756,bajo,bajo,otro,medio,quieto,correo,4
907623,bajo,bajo,otro,medio,quieto,correo,3
991423,alto,medio,casa,medio,quieto,correo,4
1604238,bajo,bajo,casa,alto,quieto,correo,4
1027056,bajo,medio,casa,bajo,quieto,web,3
2025883,medio,medio,casa,alto,movimiento,web,5
732936,medio,alto,universidad,alto,movimiento,correo,5
563962,bajo,medio,otro,bajo,movimiento,web,5
799442,medio,alto,otro,medio,quieto,correo,4
352635,alto,bajo,otro,medio,movimiento,correo,5
2537543,alto,bajo,casa,alto,quieto,web,5
1564395,medio,medio,otro,medio,movimiento,web,4
1655178,medio,bajo,casa,bajo,movimiento,web,4
573434,medio,bajo,otro,alto,movimiento,web,4
1141189,medio,alto,universidad,bajo,movimiento,web,4
383247,bajo,bajo,universidad,medio,movimiento,correo,5
1763921,alto,alto,universidad,medio,movimiento,web,5
1943970,medio,alto,universidad,alto,quieto,correo,5
322009,alto,alto,otro,medio,quieto,web,3
2333817,alto,bajo,universidad,bajo,quieto,correo,3
2095681,medio,alto,casa,bajo,quieto,web,2
1149588,bajo,bajo,otro,bajo,quieto,correo,4
2354740,alto,alto,otro,medio,movimiento,correo,5
2421360,bajo,bajo,otro,medio,movimiento,web,5
496087,alto,bajo,universidad,bajo,quieto,web,2
2191781,medio,bajo,casa,alto,quieto,correo,1
1694083,medio,alto,casa,medio,movimiento,web,4
818416,bajo,alto,otro,medio,movimiento,correo,3
701960,bajo,alto,otro,medio,movimiento,web,5
2090477,bajo,alto,casa,medio,movimiento,correo,4
1664010,medio,bajo,casa,alto,movimiento,correo,5
2583822,alto,alto,otro,bajo,quieto,web,5
369646,alto,medio,casa,bajo,movimiento,web,5
2234063,bajo,bajo,otro,medio,quieto,web,4
259799,medio,bajo,universidad,medio,movimiento,correo,4
1077982,medio,medio,otro,alto,movimiento,correo,4
2631796,medio,alto,universidad,alto,movimiento,web,4
1122383,bajo,medio,universidad,bajo,quieto,correo,3
1508526,medio,alto,otro,medio,movimiento,correo,3
1600207,alto,medio,universidad,alto,quieto,correo,5
1283117,alto,medio,otro,medio,movimiento,correo,5
1727869,medio,medio,universidad,alto,quieto,web,5
1522799,bajo,medio,otro,medio,quieto,correo,4
1394012,medio,medio,universidad,alto,movimiento,web,5
1558286,medio,alto,otro,alto,movimiento,web,3
1155602,alto,alto,otro,medio,movimiento,web,3
361066,alto,medio,universidad,medio,quieto,web,3
1743210,alto,alto,casa,bajo,movimiento,web,5
1148389,medio,alto,casa,medio,movimiento,correo,4
2268101,medio,medio,otro,medio,movimiento,correo,4
519684,bajo,bajo,universidad,alto,movimiento,web,5
767518,alto,alto,universidad,alto,movimiento,correo,5
122197,alto,medio,casa,alto,movimiento,correo,1
2112162,bajo,alto,universidad,bajo,movimiento,web,4
1073367,alto,bajo,casa,bajo,quieto,web,3
400162,alto,medio,casa,bajo,movimiento,correo,5
1524343,alto,alto,otro,medio,movimiento,correo,5
741245,bajo,medio,otro,medio,movimiento,correo,4
2563768,medio,alto,otro,alto,quieto,correo,3
1406595,alto,bajo,universidad,medio,movimiento,correo,4
1137010,medio,medio,universidad,bajo,quieto,correo,4
60343,bajo,medio,universidad,alto,quieto,web,5
225765,medio,bajo,otro,medio,quieto,correo,4
2530404,bajo,bajo,otro,bajo,movimiento,correo,3
437881,bajo,alto,universidad,bajo,quieto,web,3
1935793,bajo,medio,universidad,medio,movimiento,correo,1
134001,alto,bajo,casa,bajo,quieto,correo,4
2607300,alto,alto,casa,bajo,quieto,web,3
1008986,medio,alto,casa,bajo,quieto,correo,4
94565,bajo,alto,casa,medio,movimiento,correo,4
828410,medio,alto,universidad,medio,quieto,correo,4
1805202,bajo,alto,universidad,alto,quieto,web,4
1922925,bajo,bajo,universidad,bajo,quieto,correo,4
1435717,bajo,alto,otro,medio,quieto,correo,5
2277395,bajo,alto,universidad,medio,movimiento,web,4
2305014,medio,bajo,universidad,bajo,quieto,web,5
166041,medio,bajo,otro,bajo,quieto,correo,4
2413320,bajo,medio,universidad,medio,quieto,web,4
87113,bajo,alto,casa,bajo,movimiento,web,2
722591,bajo,bajo,casa,medio,quieto,web,5
2291306,medio,bajo,casa,alto,movimiento,web,1
2010770,medio,medio,casa,alto,quieto,correo,4
255383,medio,medio,universidad,alto,movimiento,web,5
1873429,bajo,alto,otro,bajo,quieto,web,4
1647618,alto,medio,universidad,bajo,movimiento,correo,4
608234,medio,medio,universidad,bajo,movimiento,correo,5
42930,bajo,medio,universidad,alto,quieto,web,3
1462072,alto,bajo,universidad,bajo,quieto,correo,5
685565,alto,medio,otro,alto,movimiento,web,5
3321,bajo,bajo,casa,alto,movimiento,web,3
2554942,alto,medio,casa,bajo,movimiento,web,4
1874547,bajo,alto,universidad,alto,movimiento,correo,4
2269844,bajo,bajo,casa,medio,movimiento,web,5
34907,alto,medio,universidad,bajo,quieto,correo,3
1779903,medio,alto,casa,alto,quieto,web,4
2576424,medio,alto,casa,bajo,movimiento,web,4
230112,alto,medio,casa,medio,quieto,correo,3
508727,medio,alto,casa,bajo,movimiento,correo,3
1603525,bajo,alto,otro,alto,quieto,web,3
172264,alto,bajo,otro,bajo,movimiento,correo,4
1182185,alto,bajo,otro,alto,movimiento,correo,4
2275470,bajo,medio,casa,medio,quieto,correo,2
491531,medio,medio,casa,medio,quieto,correo,5
1346432,medio,medio,otro,medio,movimiento,web,4
1554712,alto,bajo,otro,alto,movimiento,correo,5
1450941,medio,bajo,universidad,medio,quieto,web,5
1714116,medio,medio,otro,medio,quieto,web,3
2016488,alto,medio,casa,medio,movimiento,correo,4
1782762,alto,medio,otro,bajo,quieto,web,4
1343170,bajo,alto,universidad,alto,movimiento,web,5
2565752,bajo,medio,universidad,bajo,quieto,correo,4
435841,alto,medio,casa,medio,movimiento,web,3
2242821,alto,medio,universidad,medio,movimiento,correo,5
638824,bajo,medio,universidad,alto,movimiento,web,5
2256485,bajo,alto,casa,bajo,quieto,web,1
101597,bajo,medio,universidad,alto,movimiento,web,5
623036,bajo,alto,universidad,alto,quieto,web,5
1559445,alto,medio,otro,medio,movimiento,web,5
1723381,medio,alto,casa,alto,quieto,web,5
1824586,bajo,bajo,otro,medio,movimiento,web,4
2233105,medio,alto,otro,medio,quieto,correo,4
682963,alto,alto,universidad,bajo,movimiento,correo,3
2529547,medio,bajo,casa,bajo,movimiento,web,5
504620,alto,bajo,otro,bajo,quieto,correo,2
1682104,medio,alto,otro,alto,movimiento,correo,4
16272,medio,medio,casa,alto,movimiento,correo,4
2491785,alto,medio,universidad,bajo,movimiento,web,5
978412,bajo,alto,otro,alto,movimiento,correo,5
2054145,medio,medio,universidad,alto,movimiento,correo,3
2444240,medio,bajo,casa,alto,movimiento,correo,3
547732,medio,medio,casa,bajo,quieto,correo,3
811790,bajo,medio,casa,medio,movimiento,web,5
31913,alto,alto,universidad,bajo,quieto,correo,4
437111,bajo,bajo,casa,alto,movimiento,correo,4
640588,medio,alto,universidad,medio,quieto,web,4
2625019,bajo,alto,casa,bajo,movimiento,correo,3
2605190,bajo,bajo,otro,medio,movimiento,correo,5
915,medio,alto,otro,bajo,movimiento,web,5
1430587,bajo,medio,otro,bajo,movimiento,correo,4
2544219,medio,bajo,universidad,bajo,movimiento,correo,5
2603381,bajo,alto,otro,alto,movimiento,correo,5
305344,medio,medio,otro,alto,movimiento,web,1
2569099,medio,bajo,casa,medio,quieto,correo,1
2430356,medio,bajo,universidad,bajo,quieto,web,4
885165,bajo,alto,universidad,bajo,movimiento,correo,4
2380806,bajo,alto,casa,bajo,quieto,web,5
1512406,bajo,alto,otro,medio,movimiento,web,1
1774623,medio,bajo,casa,medio,quieto,web,4
2226525,alto,medio,casa,medio,movimiento,web,4
2537076,medio,alto,universidad,bajo,quieto,correo,4
2060858,bajo,medio,casa,bajo,quieto,correo,4
498469,alto,bajo,otro,alto,quieto,web,5
68033,bajo,alto,universidad,alto,movimiento,web,4
1819146,medio,bajo,universidad,alto,quieto,correo,5
2088415,bajo,medio,otro,bajo,movimiento,web,4
473070,alto,bajo,otro,medio,quieto,web,5
1823641,medio,medio,casa,bajo,quieto,correo,5
1839976,bajo,bajo,universidad,bajo,quieto,correo,2
14924,alto,alto,universidad,medio,movimiento,web,5
1852606,bajo,alto,otro,bajo,movimiento,web,4
453694,medio,bajo,otro,bajo,movimiento,web,5
921487,bajo,alto,otro,bajo,quieto,correo,2
1022254,bajo,alto,universidad,bajo,quieto,correo,5
2464081,medio,medio,casa,medio,movimiento,correo,4
1228324,alto,alto,casa,alto,movimiento,web,4
1563530,alto,alto,otro,bajo,quieto,correo,4
1181170,bajo,alto,casa,alto,quieto,correo,3
1357013,alto,bajo,otro,bajo,quieto,web,3
21722,medio,bajo,otro,bajo,quieto,correo,4
288420,alto,alto,universidad,medio,movimiento,web,5
1739170,alto,bajo,otro,alto,quieto,correo,5
2584676,medio,medio,universidad,alto,movimiento,correo,3
2013504,medio,bajo,universidad,alto,quieto,web,4
1245176,alto,alto,otro,alto,movimiento,web,4
269524,bajo,medio,otro,medio,movimiento,web,3
661344,bajo,alto,casa,bajo,movimiento,web,3
652324,bajo,medio,casa,alto,quieto,web,3
2239213,alto,medio,universidad,alto,movimiento,web,3
863302,medio,alto,otro,alto,quieto,correo,4
758850,medio,bajo,otro,medio,movimiento,correo,4
1884755,medio,alto,universidad,bajo,quieto,correo,2
544833,alto,medio,otro,medio,movimiento,web,3
1562707,bajo,alto,otro,bajo,quieto,correo,1
810700,bajo,bajo,casa,medio,quieto,web,5
837756,bajo,medio,universidad,medio,quieto,correo,5
155164,bajo,alto,casa,bajo,movimiento,correo,4
493945,alto,alto,universidad,bajo,movimiento,web,5
1565175,medio,alto,otro,bajo,quieto,correo,5
2005193,alto,medio,casa,alto,movimiento,correo,4
1605780,medio,medio,universidad,medio,quieto,web,4
1294335,alto,bajo,universidad,bajo,quieto,correo,2
608576,bajo,medio,otro,medio,quieto,web,4
659505,bajo,bajo,otro,alto,quieto,correo,4
1604707,alto,medio,otro,medio,quieto,correo,4
2630797,medio,bajo,otro,medio,movimiento,web,5
402266,medio,medio,universidad,medio,quieto,web,5
752642,bajo,alto,casa,medio,quieto,correo,3
1906145,bajo,medio,otro,bajo,quieto,web,4
389872,bajo,alto,otro,medio,movimiento,correo,2
1462866,medio,alto,casa,alto,movimiento,correo,2
1952116,alto,bajo,universidad,bajo,quieto,web,4
54774,bajo,bajo,casa,medio,movimiento,web,4
1776980,alto,alto,casa,alto,quieto,correo,5
1494196,alto,alto,universidad,medio,movimiento,web,5
253794,bajo,medio,otro,alto,quieto,correo,5
1569513,bajo,alto,casa,bajo,quieto,correo,3
596728,alto,bajo,casa,bajo,movimiento,correo,2
1107588,medio,alto,universidad,bajo,movimiento,correo,1
1133763,bajo,bajo,universidad,medio,movimiento,web,3
1398076,medio,bajo,casa,medio,movimiento,web,4
1178171,alto,bajo,universidad,medio,movimiento,web,4
984369,bajo,bajo,universidad,medio,movimiento,correo,3
2618594,bajo,medio,universidad,bajo,quieto,web,4
1653834,bajo,bajo,casa,alto,movimiento,web,4
2322840,medio,alto,universidad,medio,quieto,web,3
2207647,bajo,alto,universidad,medio,quieto,web,4
1994111,medio,medio,universidad,bajo,quieto,correo,4
1824044,bajo,bajo,universidad,alto,quieto,web,4
2255037,bajo,bajo,otro,alto,quieto,correo,3
2056022,bajo,bajo,casa,medio,movimiento,correo,3
1458179,medio,bajo,otro,alto,quieto,correo,4
1508350,alto,bajo,universidad,bajo,movimiento,web,4
1168571,bajo,medio,otro,alto,quieto,correo,5
766489,bajo,bajo,universidad,alto,quieto,web,3
1424199,bajo,alto,otro,bajo,quieto,correo,5
2054180,alto,alto,universidad,alto,movimiento,correo,3
448902,alto,bajo,universidad,alto,movimiento,correo,5
1547173,bajo,bajo,universidad,alto,movimiento,web,3
1751103,bajo,alto,universidad,alto,quieto,web,4
121073,bajo,bajo,otro,medio,movimiento,correo,5
2609436,medio,medio,casa,alto,movimiento,correo,4
1398626,alto,alto,otro,bajo,movimiento,web,2
1311231,alto,bajo,otro,bajo,movimiento,correo,3
2279000,bajo,bajo,casa,bajo,quieto,correo,3
236921,medio,alto,casa,medio,quieto,web,5
2566259,bajo,alto,universidad,bajo,quieto,correo,5
758937,medio,alto,casa,alto,quieto,web,4
2260684,bajo,bajo,universidad,medio,movimiento,web,4
1190829,alto,medio,otro,alto,movimiento,web,4
136106,medio,bajo,universidad,bajo,quieto,web,3
344753,alto,medio,otro,medio,quieto,correo,3
568930,alto,medio,universidad,alto,movimiento,correo,5
206115,medio,medio,universidad,bajo,quieto,correo,4
2390644,bajo,medio,universidad,alto,quieto,web,3
2078679,bajo,bajo,universidad,bajo,movimiento,correo,5
1682651,alto,medio,casa,alto,quieto,web,4
386915,alto,medio,casa,bajo,quieto,web,4
972136,bajo,bajo,universidad,bajo,movimiento,correo,3
1806515,bajo,bajo,casa,alto,movimiento,correo,3
11589,bajo,bajo,casa,medio,quieto,web,3
2118461,bajo,medio,casa,medio,quieto,web,5
444411,alto,medio,universidad,medio,quieto,correo,3
691108,alto,alto,otro,alto,quieto,correo,4
332401,alto,bajo,casa,medio,quieto,web,3
1278488,medio,medio,casa,bajo,quieto,correo,4
358776,medio,alto,otro,bajo,quieto,correo,4
387418,bajo,bajo,otro,alto,quieto,web,1
872408,medio,bajo,universidad,medio,movimiento,correo,4
646098,alto,alto,casa,bajo,movimiento,web,4
396595,alto,alto,otro,alto,quieto,correo,5
1366860,alto,alto,universidad,alto,quieto,web,4
1046882,alto,alto,otro,medio,movimiento,correo,3
470861,alto,medio,otro,medio,movimiento,correo,5
1455257,medio,bajo,otro,bajo,movimiento,correo,4
1274780,alto,medio,casa,alto,quieto,web,3
379184,medio,alto,otro,alto,movimiento,web,4
1273630,medio,alto,universidad,medio,quieto,correo,4
492291,alto,medio,otro,bajo,movimiento,web,3
145873,medio,alto,casa,medio,quieto,correo,3
1388284,medio,medio,universidad,alto,movimiento,web,5
712610,alto,alto,casa,bajo,quieto,web,4
1116065,medio,medio,universidad,medio,quieto,web,1
660499,alto,alto,universidad,alto,movimiento,correo,1
1918987,alto,alto,universidad,bajo,quieto,web,4
1357894,bajo,bajo,otro,bajo,movimiento,web,3
190418,bajo,bajo,casa,bajo,quieto,web,3
1060658,alto,bajo,casa,alto,movimiento,web,3
1443203,bajo,alto,casa,medio,movimiento,correo,4
1772839,bajo,alto,casa,medio,movimiento,correo,5
2385774,bajo,medio,casa,medio,quieto,web,3
1059319,medio,medio,universidad,alto,movimiento,correo,3
831775,bajo,bajo,otro,alto,quieto,web,4
881346,alto,alto,casa,medio,quieto,correo,5
1066317,alto,bajo,otro,alto,quieto,web,4
13651,alto,bajo,universidad,medio,movimiento,correo,3
208920,medio,bajo,universidad,bajo,quieto,web,4
308753,bajo,bajo,universidad,medio,movimiento,web,5
2564257,bajo,medio,otro,bajo,quieto,correo,3
565041,medio,bajo,otro,bajo,quieto,web,4
1602153,bajo,bajo,casa,bajo,movimiento,web,4
173930,alto,alto,casa,alto,movimiento,correo,4
202811,alto,medio,otro,medio,quieto,web,3
353369,bajo,medio,universidad,bajo,movimiento,web,3
1201176,alto,medio,otro,medio,movimiento,web,4
2047577,alto,medio,universidad,alto,movimiento,correo,3
685113,bajo,bajo,universidad,bajo,quieto,web,4
1686060,medio,medio,otro,bajo,quieto,correo,5
151004,alto,medio,otro,medio,quieto,web,5
2126192,bajo,medio,universidad,medio,movimiento,web,3
1981464,medio,alto,universidad,bajo,quieto,web,4
1862581,medio,medio,otro,medio,movimiento,correo,4
1255780,alto,bajo,casa,alto,quieto,correo,5
1962300,medio,bajo,universidad,bajo,movimiento,web,3
1515355,bajo,medio,casa,medio,movimiento,correo,3
1001779,medio,alto,otro,alto,quieto,correo,4
2093105,medio,bajo,universidad,bajo,movimiento,web,3
1123959,alto,medio,universidad,bajo,movimiento,web,3
1876297,medio,bajo,universidad,bajo,movimiento,correo,5
1364481,medio,bajo,otro,alto,movimiento,correo,4
998236,bajo,alto,universidad,alto,movimiento,web,5
328415,alto,medio,casa,alto,quieto,correo,3
1347129,alto,alto,casa,bajo,quieto,correo,4
1117062,medio,alto,otro,medio,movimiento,web,4
1033930,medio,bajo,otro,medio,quieto,correo,3
45117,medio,bajo,casa,medio,quieto,web,5
1005769,alto,medio,universidad,bajo,quieto,web,5
712609,medio,medio,otro,alto,quieto,web,4
740495,bajo,medio,casa,alto,movimiento,web,4
2497991,alto,medio,casa,bajo,movimiento,web,4
1017324,medio,medio,otro,bajo,quieto,correo,4
120491,bajo,medio,otro,alto,quieto,correo,5
1645794,medio,alto,casa,alto,movimiento,web,4
1658790,bajo,bajo,otro,bajo,movimiento,correo,3
2451020,medio,bajo,otro,bajo,quieto,web,4
1878798,alto,alto,casa,bajo,movimiento,correo,4
1790903,bajo,bajo,otro,medio,movimiento,correo,4
1254683,medio,bajo,universidad,medio,movimiento,web,1
874943,medio,alto,universidad,medio,movimiento,correo,5
121456,bajo,bajo,otro,alto,movimiento,correo,4
1140108,medio,alto,universidad,bajo,quieto,web,4
515436,bajo,medio,casa,alto,quieto,correo,1
272689,alto,medio,casa,bajo,movimiento,web,5
1247177,bajo,bajo,otro,alto,movimiento,correo,3
263240,alto,alto,universidad,medio,movimiento,correo,3
2539549,alto,medio,universidad,medio,movimiento,web,3
2565654,medio,alto,universidad,bajo,quieto,correo,5
334701,bajo,medio,casa,alto,movimiento,correo,3
42921,alto,medio,universidad,alto,quieto,web,3
2011399,bajo,alto,casa,alto,quieto,web,5
433945,medio,alto,casa,alto,quieto,web,5
2151149,medio,bajo,universidad,medio,quieto,correo,4
1415954,medio,alto,casa,medio,movimiento,web,2
1086360,alto,alto,universidad,alto,movimiento,correo,3
2419258,medio,alto,otro,alto,quieto,web,4
2380848,medio,bajo,casa,alto,movimiento,correo,5
1550216,medio,alto,otro,bajo,movimiento,correo,1
596533,alto,medio,otro,bajo,movimiento,correo,5
287901,bajo,medio,casa,bajo,movimiento,correo,5
188613,bajo,alto,otro,bajo,quieto,correo,4
1654508,medio,bajo,casa,bajo,movimiento,web,3
1313126,bajo,bajo,otro,medio,movimiento,web,5
51334,medio,alto,otro,alto,movimiento,web,4
2374451,bajo,medio,casa,alto,movimiento,web,4
2031093,alto,bajo,casa,alto,movimiento,correo,4
548064,alto,medio,universidad,bajo,movimiento,web,5
946102,alto,medio,universidad,bajo,movimiento,web,5
1790158,alto,alto,casa,alto,quieto,correo,4
1403184,alto,bajo,universidad,bajo,movimiento,web,3
1535440,medio,alto,universidad,alto,quieto,web,4
1426604,alto,alto,casa,medio,movimiento,correo,4
1815755,bajo,bajo,otro,bajo,quieto,web,5
